Handle,Title,Body (HTML),Vendor,Standardized Product Type,Custom Product Type,Tags,Published,Option1 Name,Option1 Value,Option2 Name,Option2 Value,Option3 Name,Option3 Value,Variant SKU,Variant Grams,Variant Inventory Tracker,Variant Inventory Qty,Variant Inventory Policy,Variant Fulfillment Service,Variant Price,Variant Compare At Price,Variant Requires Shipping,Variant Taxable,Variant Barcode,Image Src,Image Position,Image Alt Text,Gift Card,SEO Title,SEO Description,Google Shopping / Google Product Category,Google Shopping / Gender,Google Shopping / Age Group,Google Shopping / MPN,Google Shopping / AdWords Grouping,Google Shopping / AdWords Labels,Google Shopping / Condition,Google Shopping / Custom Product,Google Shopping / Custom Label 0,Google Shopping / Custom Label 1,Google Shopping / Custom Label 2,Google Shopping / Custom Label 3,Google Shopping / Custom Label 4,Variant Image,Variant Weight Unit,Variant Tax Code,Cost per item,Status
women-fit-and-flare,Women Fit and Flare,"<p>Tristique risus nec feugiat in fermentum posuere urna. Nibh sed pulvinar proin gravida hendrerit lectus. Non consectetur a erat nam at lectus urna duis convallis Natoque penatibus.</p>
<ul style=""margin:20px;"">
<li><span>Aliquet risus feugiat in ante metus dictum.</span></li>
<li><span>Mauris pharetra et ultrices neque ornare aenean.</span></li>
<li><span>Tellus integer feugiat scelerisque varius morbi enim.</span></li>
</ul>
<p>Gravida cum sociis natoque penatibus et magnis dis. Feugiat scelerisque varius morbi enim nunc. Ullamcorper a lacus vestibulum sed arcu non odio euismod lacinia.</p>
",Sterling Ltd,,Earrings,"Angel, Silver",true,Title,Default Title,,,,,"",0.0,,1,deny,manual,19.99,,true,true,"",https://cdn.shopify.com/s/files/1/0625/0043/8274/products/product15_7d690f85-6d65-41c1-b66e-073a905ef9e1.jpg?v=1645550555,1,,false,,,,,,,,,,,,,,,,,kg,,,active
women-fit-and-flare,,,,,,,,,,,,,,,,,,,,,,,,,https://cdn.shopify.com/s/files/1/0625/0043/8274/products/product1_4a18d033-9749-42e0-a19a-9d92e3bad396.jpg?v=1645550629,2,,,,,,,,,,,,,,,,,,,,,,
women-fit-and-flare,,,,,,,,,,,,,,,,,,,,,,,,,https://cdn.shopify.com/s/files/1/0625/0043/8274/products/product2_9c884b81-1bf6-4d43-a401-b40c56221844.jpg?v=1645550629,3,,,,,,,,,,,,,,,,,,,,,,
women-fit-and-flare,,,,,,,,,,,,,,,,,,,,,,,,,https://cdn.shopify.com/s/files/1/0625/0043/8274/products/product3_83495740-0950-4ce1-8caf-208133ac5e58.jpg?v=1645550629,4,,,,,,,,,,,,,,,,,,,,,,
women-fit-and-flare,,,,,,,,,,,,,,,,,,,,,,,,,https://cdn.shopify.com/s/files/1/0625/0043/8274/products/product16_2feae8c7-d87c-4e2d-a036-11d5b954cb92.jpg?v=1645550629,5,,,,,,,,,,,,,,,,,,,,,,
women-gown-maroon-dress,Women Gown Maroon Dress,"<p>Tristique risus nec feugiat in fermentum posuere urna. Nibh sed pulvinar proin gravida hendrerit lectus. Non consectetur a erat nam at lectus urna duis convallis Natoque penatibus.</p>
<ul style=""margin:20px;"">
<li><span>Aliquet risus feugiat in ante metus dictum.</span></li>
<li><span>Mauris pharetra et ultrices neque ornare aenean.</span></li>
<li><span>Tellus integer feugiat scelerisque varius morbi enim.</span></li>
</ul>
<p>Gravida cum sociis natoque penatibus et magnis dis. Feugiat scelerisque varius morbi enim nunc. Ullamcorper a lacus vestibulum sed arcu non odio euismod lacinia.</p>
",Company 123,,Earrings,"Gold, Silver",true,Title,Default Title,,,,,"",0.0,,1,deny,manual,54.99,,true,true,"",https://cdn.shopify.com/s/files/1/0625/0043/8274/products/product14_34bbd9db-c52f-4401-bc8f-e083e164542b.jpg?v=1645550707,1,,false,,,,,,,,,,,,,,,,,kg,,,active
women-gown-maroon-dress,,,,,,,,,,,,,,,,,,,,,,,,,https://cdn.shopify.com/s/files/1/0625/0043/8274/products/product1_570053ea-f0ef-4a45-a8bf-a431a5cbe27e.jpg?v=1645550707,2,,,,,,,,,,,,,,,,,,,,,,
women-gown-maroon-dress,,,,,,,,,,,,,,,,,,,,,,,,,https://cdn.shopify.com/s/files/1/0625/0043/8274/products/product2_b84b1ccc-122a-4d60-9c53-9c532f00f1aa.jpg?v=1645550707,3,,,,,,,,,,,,,,,,,,,,,,
women-gown-maroon-dress,,,,,,,,,,,,,,,,,,,,,,,,,https://cdn.shopify.com/s/files/1/0625/0043/8274/products/product3_0144cafd-a86f-4467-99a3-241f326e58ee.jpg?v=1645550707,4,,,,,,,,,,,,,,,,,,,,,,
women-gown-maroon-dress,,,,,,,,,,,,,,,,,,,,,,,,,https://cdn.shopify.com/s/files/1/0625/0043/8274/products/product15_77060910-789c-4736-a9e2-8ac5a0545696.jpg?v=1645550707,5,,,,,,,,,,,,,,,,,,,,,,
women-maxi-brown-dress,Women Maxi Brown Dress,"<p>Tristique risus nec feugiat in fermentum posuere urna. Nibh sed pulvinar proin gravida hendrerit lectus. Non consectetur a erat nam at lectus urna duis convallis Natoque penatibus.</p>
<ul style=""margin:20px;"">
<li><span>Aliquet risus feugiat in ante metus dictum.</span></li>
<li><span>Mauris pharetra et ultrices neque ornare aenean.</span></li>
<li><span>Tellus integer feugiat scelerisque varius morbi enim.</span></li>
</ul>
<p>Gravida cum sociis natoque penatibus et magnis dis. Feugiat scelerisque varius morbi enim nunc. Ullamcorper a lacus vestibulum sed arcu non odio euismod lacinia.</p>
",Company 123,,Necklace,"Bird, Gold",true,Title,Default Title,,,,,"",0.0,,1,deny,manual,79.99,,true,true,"",https://cdn.shopify.com/s/files/1/0625/0043/8274/products/product13_805d9a61-8389-4b4c-8dd4-3bc2231a3fe7.jpg?v=1645550742,1,,false,,,,,,,,,,,,,,,,,kg,,,active
women-maxi-brown-dress,,,,,,,,,,,,,,,,,,,,,,,,,https://cdn.shopify.com/s/files/1/0625/0043/8274/products/product1_9453b887-0f11-416c-b86f-ddf3c819bcf1.jpg?v=1645550742,2,,,,,,,,,,,,,,,,,,,,,,
women-maxi-brown-dress,,,,,,,,,,,,,,,,,,,,,,,,,https://cdn.shopify.com/s/files/1/0625/0043/8274/products/product14_fdaccb58-6724-4021-b7a0-9a17085653d6.jpg?v=1645549816,3,,,,,,,,,,,,,,,,,,,,,,
women-maxi-brown-dress,,,,,,,,,,,,,,,,,,,,,,,,,https://cdn.shopify.com/s/files/1/0625/0043/8274/products/product15_ab7d98aa-77d4-4f4f-9308-f7999bdad1aa.jpg?v=1645549816,4,,,,,,,,,,,,,,,,,,,,,,
women-maxi-brown-dress,,,,,,,,,,,,,,,,,,,,,,,,,https://cdn.shopify.com/s/files/1/0625/0043/8274/products/product16_64b7b660-003b-41d9-a8c9-1314f61f9a61.jpg?v=1645549816,5,,,,,,,,,,,,,,,,,,,,,,
women-printed-rayon-anarkali,Women Printed Rayon Anarkali,"<p>Tristique risus nec feugiat in fermentum posuere urna. Nibh sed pulvinar proin gravida hendrerit lectus. Non consectetur a erat nam at lectus urna duis convallis Natoque penatibus.</p>
<ul style=""margin:20px;"">
<li><span>Aliquet risus feugiat in ante metus dictum.</span></li>
<li><span>Mauris pharetra et ultrices neque ornare aenean.</span></li>
<li><span>Tellus integer feugiat scelerisque varius morbi enim.</span></li>
</ul>
<p>Gravida cum sociis natoque penatibus et magnis dis. Feugiat scelerisque varius morbi enim nunc. Ullamcorper a lacus vestibulum sed arcu non odio euismod lacinia.</p>
",Sterling Ltd,,Necklace,"Blue, Gem, Purple, Silver, Turquoise",true,Colour,Blue,,,,,,0.0,,1,deny,manual,27.99,29.99,true,true,,https://cdn.shopify.com/s/files/1/0625/0043/8274/products/product12_b380e0ef-2f03-4117-8d2d-610c956f0c14.jpg?v=1645549784,1,,false,,,,,,,,,,,,,,,,,kg,,,active
women-printed-rayon-anarkali,,,,,,,,,Purple,,,,,,0.0,,0,deny,manual,27.99,29.99,true,true,,https://cdn.shopify.com/s/files/1/0625/0043/8274/products/product13_96e0443d-98a6-420e-b7e7-57f8fd11e53c.jpg?v=1645549784,2,,,,,,,,,,,,,,,,,,,kg,,,
women-printed-rayon-anarkali,,,,,,,,,,,,,,,,,,,,,,,,,https://cdn.shopify.com/s/files/1/0625/0043/8274/products/product14_416ba574-11e7-4e03-81d2-15f01276c35a.jpg?v=1645549784,3,,,,,,,,,,,,,,,,,,,,,,
women-printed-rayon-anarkali,,,,,,,,,,,,,,,,,,,,,,,,,https://cdn.shopify.com/s/files/1/0625/0043/8274/products/product15_65596855-5d4e-44f3-8c37-dd086a5c9c11.jpg?v=1645549785,4,,,,,,,,,,,,,,,,,,,,,,
women-printed-rayon-anarkali,,,,,,,,,,,,,,,,,,,,,,,,,https://cdn.shopify.com/s/files/1/0625/0043/8274/products/product16.jpg?v=1645549785,5,,,,,,,,,,,,,,,,,,,,,,
solid-pleated-black-skirt,Solid Pleated Black Skirt,"<p>Tristique risus nec feugiat in fermentum posuere urna. Nibh sed pulvinar proin gravida hendrerit lectus. Non consectetur a erat nam at lectus urna duis convallis Natoque penatibus.</p>
<ul style=""margin:20px;"">
<li><span>Aliquet risus feugiat in ante metus dictum.</span></li>
<li><span>Mauris pharetra et ultrices neque ornare aenean.</span></li>
<li><span>Tellus integer feugiat scelerisque varius morbi enim.</span></li>
</ul>
<p>Gravida cum sociis natoque penatibus et magnis dis. Feugiat scelerisque varius morbi enim nunc. Ullamcorper a lacus vestibulum sed arcu non odio euismod lacinia.</p>
",Sterling Ltd,,Earrings,"Blue, Galaxy, Silver",true,Title,Default Title,,,,,"",0.0,,1,deny,manual,37.99,45.99,true,true,"",https://cdn.shopify.com/s/files/1/0625/0043/8274/products/product11_490da81e-0ce1-4b1e-bb20-dc94ecf75e12.jpg?v=1645549751,1,,false,,,,,,,,,,,,,,,,,kg,,,active
solid-pleated-black-skirt,,,,,,,,,,,,,,,,,,,,,,,,,https://cdn.shopify.com/s/files/1/0625/0043/8274/products/product12_dd31631c-f16f-482b-8ebc-a5723e51eefd.jpg?v=1645549752,2,,,,,,,,,,,,,,,,,,,,,,
solid-pleated-black-skirt,,,,,,,,,,,,,,,,,,,,,,,,,https://cdn.shopify.com/s/files/1/0625/0043/8274/products/product13_d725d35a-5e6e-41cd-8359-086d7a180552.jpg?v=1645549752,3,,,,,,,,,,,,,,,,,,,,,,
solid-pleated-black-skirt,,,,,,,,,,,,,,,,,,,,,,,,,https://cdn.shopify.com/s/files/1/0625/0043/8274/products/product14_43344056-eeff-4d11-9921-4b2cb573a00d.jpg?v=1645549752,4,,,,,,,,,,,,,,,,,,,,,,
solid-pleated-black-skirt,,,,,,,,,,,,,,,,,,,,,,,,,https://cdn.shopify.com/s/files/1/0625/0043/8274/products/product15.jpg?v=1645549752,5,,,,,,,,,,,,,,,,,,,,,,
regular-fit-solid-1,Regular Fit Solid,"<p>Tristique risus nec feugiat in fermentum posuere urna. Nibh sed pulvinar proin gravida hendrerit lectus. Non consectetur a erat nam at lectus urna duis convallis Natoque penatibus.</p>
<ul style=""margin:20px;"">
<li><span>Aliquet risus feugiat in ante metus dictum.</span></li>
<li><span>Mauris pharetra et ultrices neque ornare aenean.</span></li>
<li><span>Tellus integer feugiat scelerisque varius morbi enim.</span></li>
</ul>
<p>Gravida cum sociis natoque penatibus et magnis dis. Feugiat scelerisque varius morbi enim nunc. Ullamcorper a lacus vestibulum sed arcu non odio euismod lacinia.</p>
",Sterling Ltd,,Necklace,"Dreamcatcher, Pendant, Silver, Turquoise",true,Title,Default Title,,,,,"",0.0,,1,deny,manual,23.99,41.99,true,true,"",https://cdn.shopify.com/s/files/1/0625/0043/8274/products/product10_9c23d65c-d226-4054-869d-a2ecfaaba2c6.jpg?v=1645549667,1,,false,,,,,,,,,,,,,,,,,kg,,,active
regular-fit-solid-1,,,,,,,,,,,,,,,,,,,,,,,,,https://cdn.shopify.com/s/files/1/0625/0043/8274/products/product11_ef584c9d-723f-4be9-9094-489c398bab1e.jpg?v=1645549667,2,,,,,,,,,,,,,,,,,,,,,,
regular-fit-solid-1,,,,,,,,,,,,,,,,,,,,,,,,,https://cdn.shopify.com/s/files/1/0625/0043/8274/products/product12_4a4acc0f-3866-4e6b-9b47-c72ff3f98dd1.jpg?v=1645549667,3,,,,,,,,,,,,,,,,,,,,,,
regular-fit-solid-1,,,,,,,,,,,,,,,,,,,,,,,,,https://cdn.shopify.com/s/files/1/0625/0043/8274/products/product13_5407636a-d905-49fc-ac83-5a7feb9fb3a8.jpg?v=1645549667,4,,,,,,,,,,,,,,,,,,,,,,
regular-fit-solid-1,,,,,,,,,,,,,,,,,,,,,,,,,https://cdn.shopify.com/s/files/1/0625/0043/8274/products/product14.jpg?v=1645549667,5,,,,,,,,,,,,,,,,,,,,,,
regular-fit-solid,Regular Fit Solid,"<p>Tristique risus nec feugiat in fermentum posuere urna. Nibh sed pulvinar proin gravida hendrerit lectus. Non consectetur a erat nam at lectus urna duis convallis Natoque penatibus.</p>
<ul style=""margin:20px;"">
<li><span>Aliquet risus feugiat in ante metus dictum.</span></li>
<li><span>Mauris pharetra et ultrices neque ornare aenean.</span></li>
<li><span>Tellus integer feugiat scelerisque varius morbi enim.</span></li>
</ul>
<p>Gravida cum sociis natoque penatibus et magnis dis. Feugiat scelerisque varius morbi enim nunc. Ullamcorper a lacus vestibulum sed arcu non odio euismod lacinia.</p>
",Company 123,,Necklace,"Gold, Pendant",true,Title,Default Title,,,,,"",0.0,,1,deny,manual,63.99,69.99,true,true,"",https://cdn.shopify.com/s/files/1/0625/0043/8274/products/product9_7b838cb8-23c4-4be3-997d-1be8e34d085d.jpg?v=1645549623,1,,false,,,,,,,,,,,,,,,,,kg,,,active
regular-fit-solid,,,,,,,,,,,,,,,,,,,,,,,,,https://cdn.shopify.com/s/files/1/0625/0043/8274/products/product10_599be85b-b500-4385-ba72-6a548c56ba82.jpg?v=1645549624,2,,,,,,,,,,,,,,,,,,,,,,
regular-fit-solid,,,,,,,,,,,,,,,,,,,,,,,,,https://cdn.shopify.com/s/files/1/0625/0043/8274/products/product11_ca4eda47-b41b-4a59-b958-bd6aa683cf65.jpg?v=1645549624,3,,,,,,,,,,,,,,,,,,,,,,
regular-fit-solid,,,,,,,,,,,,,,,,,,,,,,,,,https://cdn.shopify.com/s/files/1/0625/0043/8274/products/product12_13bde666-239c-4135-a975-579c9569c08b.jpg?v=1645549624,4,,,,,,,,,,,,,,,,,,,,,,
regular-fit-solid,,,,,,,,,,,,,,,,,,,,,,,,,https://cdn.shopify.com/s/files/1/0625/0043/8274/products/product13.jpg?v=1645549624,5,,,,,,,,,,,,,,,,,,,,,,
printed-geometric-print-fashion,"Printed, Geometric Print Fashion","<p>Tristique risus nec feugiat in fermentum posuere urna. Nibh sed pulvinar proin gravida hendrerit lectus. Non consectetur a erat nam at lectus urna duis convallis Natoque penatibus.</p>
<ul style=""margin:20px;"">
<li><span>Aliquet risus feugiat in ante metus dictum.</span></li>
<li><span>Mauris pharetra et ultrices neque ornare aenean.</span></li>
<li><span>Tellus integer feugiat scelerisque varius morbi enim.</span></li>
</ul>
<p>Gravida cum sociis natoque penatibus et magnis dis. Feugiat scelerisque varius morbi enim nunc. Ullamcorper a lacus vestibulum sed arcu non odio euismod lacinia.</p>
",Company 123,,Necklace,"Leather, Silver, Triangle",true,Title,Default Title,,,,,"",0.0,,1,deny,manual,47.99,49.99,true,true,"",https://cdn.shopify.com/s/files/1/0625/0043/8274/products/product8_74ac8508-5f89-44c4-a366-464d1448659c.jpg?v=1645549599,1,,false,,,,,,,,,,,,,,,,,kg,,,active
printed-geometric-print-fashion,,,,,,,,,,,,,,,,,,,,,,,,,https://cdn.shopify.com/s/files/1/0625/0043/8274/products/product9_609a3bab-e7a5-46ed-b2d1-f26c0a7e3dad.jpg?v=1645549599,2,,,,,,,,,,,,,,,,,,,,,,
printed-geometric-print-fashion,,,,,,,,,,,,,,,,,,,,,,,,,https://cdn.shopify.com/s/files/1/0625/0043/8274/products/product10_cc9f702e-41fd-4c6d-913e-260c6a91b51e.jpg?v=1645549599,3,,,,,,,,,,,,,,,,,,,,,,
printed-geometric-print-fashion,,,,,,,,,,,,,,,,,,,,,,,,,https://cdn.shopify.com/s/files/1/0625/0043/8274/products/product11_04610877-1b68-470f-a66c-66c234a09bbd.jpg?v=1645549599,4,,,,,,,,,,,,,,,,,,,,,,
printed-geometric-print-fashion,,,,,,,,,,,,,,,,,,,,,,,,,https://cdn.shopify.com/s/files/1/0625/0043/8274/products/product12.jpg?v=1645549599,5,,,,,,,,,,,,,,,,,,,,,,
printed-poly-crepe,Printed Poly Crepe,"<p>Tristique risus nec feugiat in fermentum posuere urna. Nibh sed pulvinar proin gravida hendrerit lectus. Non consectetur a erat nam at lectus urna duis convallis Natoque penatibus.</p>
<ul style=""margin:20px;"">
<li><span>Aliquet risus feugiat in ante metus dictum.</span></li>
<li><span>Mauris pharetra et ultrices neque ornare aenean.</span></li>
<li><span>Tellus integer feugiat scelerisque varius morbi enim.</span></li>
</ul>
<p>Gravida cum sociis natoque penatibus et magnis dis. Feugiat scelerisque varius morbi enim nunc. Ullamcorper a lacus vestibulum sed arcu non odio euismod lacinia.</p>
",Company 123,,Necklace,"Choker, Gold, Leather, Pendant",true,Title,Default Title,,,,,"",0.0,,1,deny,manual,29.99,,true,true,"",https://cdn.shopify.com/s/files/1/0625/0043/8274/products/product7_a3199936-d0e2-452f-a530-d91283cc7e64.jpg?v=1645549572,1,,false,,,,,,,,,,,,,,,,,kg,,,active
printed-poly-crepe,,,,,,,,,,,,,,,,,,,,,,,,,https://cdn.shopify.com/s/files/1/0625/0043/8274/products/product8_ca0d2a1e-e119-4c28-9b8b-e99a01d32817.jpg?v=1645549572,2,,,,,,,,,,,,,,,,,,,,,,
printed-poly-crepe,,,,,,,,,,,,,,,,,,,,,,,,,https://cdn.shopify.com/s/files/1/0625/0043/8274/products/product9_4bb00086-74ea-4952-a380-87bb647377c7.jpg?v=1645549572,3,,,,,,,,,,,,,,,,,,,,,,
printed-poly-crepe,,,,,,,,,,,,,,,,,,,,,,,,,https://cdn.shopify.com/s/files/1/0625/0043/8274/products/product10_1f2df8b1-7bf0-4042-83be-a518cf3201db.jpg?v=1645549572,4,,,,,,,,,,,,,,,,,,,,,,
printed-poly-crepe,,,,,,,,,,,,,,,,,,,,,,,,,https://cdn.shopify.com/s/files/1/0625/0043/8274/products/product11.jpg?v=1645549572,5,,,,,,,,,,,,,,,,,,,,,,
long-winter-jacket,Long Winter Jacket,"<p>Tristique risus nec feugiat in fermentum posuere urna. Nibh sed pulvinar proin gravida hendrerit lectus. Non consectetur a erat nam at lectus urna duis convallis Natoque penatibus.</p>
<ul style=""margin:20px;"">
<li><span>Aliquet risus feugiat in ante metus dictum.</span></li>
<li><span>Mauris pharetra et ultrices neque ornare aenean.</span></li>
<li><span>Tellus integer feugiat scelerisque varius morbi enim.</span></li>
</ul>
<p>Gravida cum sociis natoque penatibus et magnis dis. Feugiat scelerisque varius morbi enim nunc. Ullamcorper a lacus vestibulum sed arcu non odio euismod lacinia.</p>
",Company 123,,Necklace,"Gold, Leather",true,Title,Default Title,,,,,"",0.0,,1,deny,manual,14.99,19.99,true,true,"",https://cdn.shopify.com/s/files/1/0625/0043/8274/products/product6_5eded508-aea2-4c13-9d7d-4961c7a9e766.jpg?v=1645549537,1,,false,,,,,,,,,,,,,,,,,kg,,,active
long-winter-jacket,,,,,,,,,,,,,,,,,,,,,,,,,https://cdn.shopify.com/s/files/1/0625/0043/8274/products/product7_1f471212-7378-4df5-933a-924855a526fd.jpg?v=1645549537,2,,,,,,,,,,,,,,,,,,,,,,
long-winter-jacket,,,,,,,,,,,,,,,,,,,,,,,,,https://cdn.shopify.com/s/files/1/0625/0043/8274/products/product8_f60211f5-277d-4053-b9ac-cb215c57a8da.jpg?v=1645549537,3,,,,,,,,,,,,,,,,,,,,,,
long-winter-jacket,,,,,,,,,,,,,,,,,,,,,,,,,https://cdn.shopify.com/s/files/1/0625/0043/8274/products/product9_c2af0cbc-0531-4964-8374-e569718c0ae5.jpg?v=1645549537,4,,,,,,,,,,,,,,,,,,,,,,
long-winter-jacket,,,,,,,,,,,,,,,,,,,,,,,,,https://cdn.shopify.com/s/files/1/0625/0043/8274/products/product10.jpg?v=1645549537,5,,,,,,,,,,,,,,,,,,,,,,
jogger-fit-women,Jogger Fit Women,"<p>Tristique risus nec feugiat in fermentum posuere urna. Nibh sed pulvinar proin gravida hendrerit lectus. Non consectetur a erat nam at lectus urna duis convallis Natoque penatibus.</p>
<ul style=""margin:20px;"">
<li><span>Aliquet risus feugiat in ante metus dictum.</span></li>
<li><span>Mauris pharetra et ultrices neque ornare aenean.</span></li>
<li><span>Tellus integer feugiat scelerisque varius morbi enim.</span></li>
</ul>
<p>Gravida cum sociis natoque penatibus et magnis dis. Feugiat scelerisque varius morbi enim nunc. Ullamcorper a lacus vestibulum sed arcu non odio euismod lacinia.</p>
",Company 123,,Earrings,"Silver, Turquoise",true,Title,Default Title,,,,,"",28.0008239905625,,1,deny,manual,27.99,35.99,true,true,"",https://cdn.shopify.com/s/files/1/0625/0043/8274/products/product5_cc50fcbf-34d4-47c0-8c70-bf3f4a136ed6.jpg?v=1645549510,1,,false,,,,,,,,,,,,,,,,,oz,,,active
jogger-fit-women,,,,,,,,,,,,,,,,,,,,,,,,,https://cdn.shopify.com/s/files/1/0625/0043/8274/products/product6_4804e575-a453-46ed-93ee-1a5acfcc6184.jpg?v=1645549512,2,,,,,,,,,,,,,,,,,,,,,,
jogger-fit-women,,,,,,,,,,,,,,,,,,,,,,,,,https://cdn.shopify.com/s/files/1/0625/0043/8274/products/product7_69a4d68d-7e82-491e-849b-13431c49ba16.jpg?v=1645549512,3,,,,,,,,,,,,,,,,,,,,,,
jogger-fit-women,,,,,,,,,,,,,,,,,,,,,,,,,https://cdn.shopify.com/s/files/1/0625/0043/8274/products/product8_9fe65f67-becd-46ae-b7ce-0ee7b6527c5c.jpg?v=1645549512,4,,,,,,,,,,,,,,,,,,,,,,
jogger-fit-women,,,,,,,,,,,,,,,,,,,,,,,,,https://cdn.shopify.com/s/files/1/0625/0043/8274/products/product9.jpg?v=1645549512,5,,,,,,,,,,,,,,,,,,,,,,
full-sleeve-solid-women-jacket-1,Full Sleeve Solid Women Jacket,"<p>Tristique risus nec feugiat in fermentum posuere urna. Nibh sed pulvinar proin gravida hendrerit lectus. Non consectetur a erat nam at lectus urna duis convallis Natoque penatibus.</p>
<ul style=""margin:20px;"">
<li><span>Aliquet risus feugiat in ante metus dictum.</span></li>
<li><span>Mauris pharetra et ultrices neque ornare aenean.</span></li>
<li><span>Tellus integer feugiat scelerisque varius morbi enim.</span></li>
</ul>
<p>Gravida cum sociis natoque penatibus et magnis dis. Feugiat scelerisque varius morbi enim nunc. Ullamcorper a lacus vestibulum sed arcu non odio euismod lacinia.</p>
",Company 123,,Bracelet,Gold,true,Title,Default Title,,,,,"",0.0,,1,deny,manual,42.99,44.99,true,true,"",https://cdn.shopify.com/s/files/1/0625/0043/8274/products/product4_2009676e-c3b0-401d-8f4b-3e8a69953516.jpg?v=1645549484,1,,false,,,,,,,,,,,,,,,,,kg,,,active
full-sleeve-solid-women-jacket-1,,,,,,,,,,,,,,,,,,,,,,,,,https://cdn.shopify.com/s/files/1/0625/0043/8274/products/product5_e9a2fe4f-0af4-4ae2-91c5-205e7d903f1b.jpg?v=1645549484,2,,,,,,,,,,,,,,,,,,,,,,
full-sleeve-solid-women-jacket-1,,,,,,,,,,,,,,,,,,,,,,,,,https://cdn.shopify.com/s/files/1/0625/0043/8274/products/product6_c6a9f806-0eba-4170-89ad-24b743afd749.jpg?v=1645549484,3,,,,,,,,,,,,,,,,,,,,,,
full-sleeve-solid-women-jacket-1,,,,,,,,,,,,,,,,,,,,,,,,,https://cdn.shopify.com/s/files/1/0625/0043/8274/products/product7_2a44e00e-9b2c-4eb8-9918-4faea87d5e44.jpg?v=1645549484,4,,,,,,,,,,,,,,,,,,,,,,
full-sleeve-solid-women-jacket-1,,,,,,,,,,,,,,,,,,,,,,,,,https://cdn.shopify.com/s/files/1/0625/0043/8274/products/product8.jpg?v=1645549484,5,,,,,,,,,,,,,,,,,,,,,,
half-sleeve-solid-1,Half Sleeve Solid,"<p>Tristique risus nec feugiat in fermentum posuere urna. Nibh sed pulvinar proin gravida hendrerit lectus. Non consectetur a erat nam at lectus urna duis convallis Natoque penatibus.</p>
<ul style=""margin:20px;"">
<li><span>Aliquet risus feugiat in ante metus dictum.</span></li>
<li><span>Mauris pharetra et ultrices neque ornare aenean.</span></li>
<li><span>Tellus integer feugiat scelerisque varius morbi enim.</span></li>
</ul>
<p>Gravida cum sociis natoque penatibus et magnis dis. Feugiat scelerisque varius morbi enim nunc. Ullamcorper a lacus vestibulum sed arcu non odio euismod lacinia.</p>
",Company 123,,Bracelet,"Diamond, Gem, Gold",true,Title,Default Title,,,,,"",0.0,,1,deny,manual,39.99,43.99,true,true,"",https://cdn.shopify.com/s/files/1/0625/0043/8274/products/product3_a411436e-61a8-4a03-8aaf-9a42cd5f7b5c.jpg?v=1645549453,1,,false,,,,,,,,,,,,,,,,,kg,,,active
half-sleeve-solid-1,,,,,,,,,,,,,,,,,,,,,,,,,https://cdn.shopify.com/s/files/1/0625/0043/8274/products/product4_622e32ca-24bf-4cd1-a879-1b8fa8fede69.jpg?v=1645549454,2,,,,,,,,,,,,,,,,,,,,,,
half-sleeve-solid-1,,,,,,,,,,,,,,,,,,,,,,,,,https://cdn.shopify.com/s/files/1/0625/0043/8274/products/product5_8421d558-1b2c-4cce-b459-e58d98b598c2.jpg?v=1645549454,3,,,,,,,,,,,,,,,,,,,,,,
half-sleeve-solid-1,,,,,,,,,,,,,,,,,,,,,,,,,https://cdn.shopify.com/s/files/1/0625/0043/8274/products/product6_f4871888-b6bd-4093-915f-cb6bbf0f4a3d.jpg?v=1645549454,4,,,,,,,,,,,,,,,,,,,,,,
half-sleeve-solid-1,,,,,,,,,,,,,,,,,,,,,,,,,https://cdn.shopify.com/s/files/1/0625/0043/8274/products/product7.jpg?v=1645549454,5,,,,,,,,,,,,,,,,,,,,,,
half-sleeve-solid,Half Sleeve Solid,"<p>Tristique risus nec feugiat in fermentum posuere urna. Nibh sed pulvinar proin gravida hendrerit lectus. Non consectetur a erat nam at lectus urna duis convallis Natoque penatibus.</p>
<ul style=""margin:20px;"">
<li><span>Aliquet risus feugiat in ante metus dictum.</span></li>
<li><span>Mauris pharetra et ultrices neque ornare aenean.</span></li>
<li><span>Tellus integer feugiat scelerisque varius morbi enim.</span></li>
</ul>
<p>Gravida cum sociis natoque penatibus et magnis dis. Feugiat scelerisque varius morbi enim nunc. Ullamcorper a lacus vestibulum sed arcu non odio euismod lacinia.</p>
",Company 123,,Bracelet,"Anchor, Gold, Leather, Silver",true,Color,Gold,,,,,,0.0,,1,deny,manual,69.99,85.00,true,true,,https://cdn.shopify.com/s/files/1/0625/0043/8274/products/product2_60a9e880-c192-4ab8-80b2-cac5a8e41cfe.jpg?v=1645549431,1,,false,,,,,,,,,,,,,,,,https://cdn.shopify.com/s/files/1/0625/0043/8274/products/product2_60a9e880-c192-4ab8-80b2-cac5a8e41cfe.jpg?v=1645549431,kg,,,active
half-sleeve-solid,,,,,,,,,Silver,,,,,,0.0,,0,deny,manual,55.00,85.00,true,true,,https://cdn.shopify.com/s/files/1/0625/0043/8274/products/product3_2f185f21-6f2c-40c3-bc8b-677e60ccfa58.jpg?v=1645549431,2,,,,,,,,,,,,,,,,,,https://cdn.shopify.com/s/files/1/0625/0043/8274/products/product3_2f185f21-6f2c-40c3-bc8b-677e60ccfa58.jpg?v=1645549431,kg,,,
half-sleeve-solid,,,,,,,,,,,,,,,,,,,,,,,,,https://cdn.shopify.com/s/files/1/0625/0043/8274/products/product4_66a5b6c1-1011-45b3-b674-928ebfe84ec8.jpg?v=1645549431,3,,,,,,,,,,,,,,,,,,,,,,
half-sleeve-solid,,,,,,,,,,,,,,,,,,,,,,,,,https://cdn.shopify.com/s/files/1/0625/0043/8274/products/product5_27fe8cf9-b384-4abc-86d6-93035f0aa95a.jpg?v=1645549431,4,,,,,,,,,,,,,,,,,,,,,,
half-sleeve-solid,,,,,,,,,,,,,,,,,,,,,,,,,https://cdn.shopify.com/s/files/1/0625/0043/8274/products/product6.jpg?v=1645549431,5,,,,,,,,,,,,,,,,,,,,,,
self-design-fashion-cotton-blend,Self Design Fashion Cotton Blend,"<p>Tristique risus nec feugiat in fermentum posuere urna. Nibh sed pulvinar proin gravida hendrerit lectus. Non consectetur a erat nam at lectus urna duis convallis Natoque penatibus.</p>
<ul style=""margin:20px;"">
<li><span>Aliquet risus feugiat in ante metus dictum.</span></li>
<li><span>Mauris pharetra et ultrices neque ornare aenean.</span></li>
<li><span>Tellus integer feugiat scelerisque varius morbi enim.</span></li>
</ul>
<p>Gravida cum sociis natoque penatibus et magnis dis. Feugiat scelerisque varius morbi enim nunc. Ullamcorper a lacus vestibulum sed arcu non odio euismod lacinia.</p>
",Frozo,,Bracelet,"Beads, Silver",true,Color,Blue,,,,,,0.0,,1,deny,manual,42.99,44.99,true,true,,https://cdn.shopify.com/s/files/1/0625/0043/8274/products/product1.jpg?v=1645549408,1,,false,,,,,,,,,,,,,,,,https://cdn.shopify.com/s/files/1/0625/0043/8274/products/product3.jpg?v=1645549408,kg,,,active
self-design-fashion-cotton-blend,,,,,,,,,Black,,,,,,0.0,,0,deny,manual,42.99,44.99,true,true,,https://cdn.shopify.com/s/files/1/0625/0043/8274/products/product2.jpg?v=1645549408,2,,,,,,,,,,,,,,,,,,https://cdn.shopify.com/s/files/1/0625/0043/8274/products/product2.jpg?v=1645549408,kg,,,
self-design-fashion-cotton-blend,,,,,,,,,,,,,,,,,,,,,,,,,https://cdn.shopify.com/s/files/1/0625/0043/8274/products/product3.jpg?v=1645549408,3,,,,,,,,,,,,,,,,,,,,,,
self-design-fashion-cotton-blend,,,,,,,,,,,,,,,,,,,,,,,,,https://cdn.shopify.com/s/files/1/0625/0043/8274/products/product4.jpg?v=1645549408,4,,,,,,,,,,,,,,,,,,,,,,
self-design-fashion-cotton-blend,,,,,,,,,,,,,,,,,,,,,,,,,https://cdn.shopify.com/s/files/1/0625/0043/8274/products/product5.jpg?v=1645549408,5,,,,,,,,,,,,,,,,,,,,,,
